{"stats":{"minecraft:mined":{"minecraft:furnace":1,"minecraft:crafting_table":2,"minecraft:short_grass":3,"minecraft:grass_block":2,"minecraft:oak_log":15,"minecraft:jungle_log":8,"minecraft:dirt":1,"minecraft:sand":22,"minecraft:bamboo":1,"minecraft:stone":52,"minecraft:sandstone":7,"minecraft:fern":1},"minecraft:picked_up":{"minecraft:crafting_table":2,"minecraft:sandstone":7,"minecraft:jungle_log":8,"minecraft:porkchop":7,"minecraft:sand":22,"minecraft:oak_log":15,"minecraft:dirt":3,"minecraft:bamboo":9,"minecraft:cobblestone":52,"minecraft:furnace":1},"minecraft:custom":{"minecraft:time_since_rest":22566,"minecraft:interact_with_furnace":7,"minecraft:sprint_one_cm":73828,"minecraft:walk_one_cm":60297,"minecraft:mob_kills":3,"minecraft:damage_dealt":300,"minecraft:interact_with_crafting_table":3,"minecraft:swim_one_cm":1477,"minecraft:fly_one_cm":163395,"minecraft:crouch_one_cm":255,"minecraft:play_time":22566,"minecraft:sneak_time":46,"minecraft:walk_under_water_one_cm":3506,"minecraft:jump":201,"minecraft:leave_game":1,"minecraft:time_since_death":22566,"minecraft:walk_on_water_one_cm":2280,"minecraft:total_world_time":22566,"minecraft:climb_one_cm":317,"minecraft:fall_one_cm":1848},"minecraft:killed":{"minecraft:pig":3},"minecraft:broken":{"minecraft:wooden_pickaxe":1},"minecraft:used":{"minecraft:stone_sword":11,"minecraft:stone_pickaxe":1,"minecraft:wooden_pickaxe":59,"minecraft:stone_axe":21,"minecraft:crafting_table":3,"minecraft:furnace":1,"minecraft:cooked_porkchop":1},"minecraft:crafted":{"minecraft:oak_planks":20,"minecraft:cooked_porkchop":7,"minecraft:crafting_table":2,"minecraft:stick":8,"minecraft:wooden_pickaxe":1,"minecraft:stone_pickaxe":1,"minecraft:stone_sword":1,"minecraft:furnace":1,"minecraft:stone_axe":1,"minecraft:air":0}},"DataVersion":3953}