{"stats":{"minecraft:custom":{"minecraft:interact_with_furnace":11,"minecraft:mob_kills":9,"minecraft:interact_with_crafting_table":11,"minecraft:bell_ring":31,"minecraft:leave_game":5,"minecraft:time_since_death":53021,"minecraft:climb_one_cm":2590,"minecraft:time_since_rest":53055,"minecraft:sprint_one_cm":293332,"minecraft:damage_taken":382,"minecraft:walk_one_cm":285693,"minecraft:damage_blocked_by_shield":60,"minecraft:drop":8,"minecraft:damage_dealt":1585,"minecraft:talked_to_villager":6,"minecraft:swim_one_cm":7249,"minecraft:fly_one_cm":921898,"minecraft:open_chest":26,"minecraft:crouch_one_cm":364,"minecraft:play_time":110897,"minecraft:deaths":1,"minecraft:sneak_time":325,"minecraft:walk_under_water_one_cm":3529,"minecraft:jump":903,"minecraft:walk_on_water_one_cm":3080,"minecraft:total_world_time":110897,"minecraft:fall_one_cm":11958},"minecraft:killed_by":{"minecraft:zombie":1},"minecraft:mined":{"minecraft:white_bed":7,"minecraft:mossy_cobblestone":5,"minecraft:crafting_table":4,"minecraft:torch":1,"minecraft:short_grass":7,"minecraft:emerald_ore":1,"minecraft:grass_block":92,"minecraft:chest":5,"minecraft:jungle_log":8,"minecraft:sandstone":7,"minecraft:hay_block":47,"minecraft:furnace":2,"minecraft:iron_ore":41,"minecraft:yellow_bed":2,"minecraft:bell":3,"minecraft:coal_ore":54,"minecraft:oak_log":15,"minecraft:dirt_path":16,"minecraft:rail":25,"minecraft:sand":27,"minecraft:dirt":79,"minecraft:cobweb":11,"minecraft:bamboo":1,"minecraft:stone":65,"minecraft:fern":1},"minecraft:crafted":{"minecraft:oak_door":3,"minecraft:oak_planks":60,"minecraft:cooked_porkchop":7,"minecraft:crafting_table":3,"minecraft:wooden_pickaxe":1,"minecraft:iron_helmet":1,"minecraft:furnace":1,"minecraft:bucket":1,"minecraft:stone_axe":1,"minecraft:air":0,"minecraft:jungle_planks":12,"minecraft:bow":1,"minecraft:iron_boots":1,"minecraft:iron_chestplate":1,"minecraft:shield":1,"minecraft:iron_axe":1,"minecraft:stick":40,"minecraft:iron_ingot":41,"minecraft:iron_pickaxe":1,"minecraft:stone_pickaxe":1,"minecraft:stone_sword":1,"minecraft:iron_shovel":1,"minecraft:iron_leggings":1,"minecraft:torch":36},"minecraft:picked_up":{"minecraft:crafting_table":4,"minecraft:feather":4,"minecraft:jungle_log":8,"minecraft:lead":2,"minecraft:potato":8,"minecraft:oak_log":15,"minecraft:yellow_bed":2,"minecraft:shield":1,"minecraft:dirt":190,"minecraft:string":22,"minecraft:bone":4,"minecraft:wheat_seeds":3,"minecraft:bell":3,"minecraft:iron_pickaxe":1,"minecraft:rabbit":1,"minecraft:bamboo":9,"minecraft:chest":5,"minecraft:iron_sword":1,"minecraft:oak_planks":35,"minecraft:furnace":2,"minecraft:stick":22,"minecraft:raw_iron":41,"minecraft:sandstone":7,"minecraft:cooked_porkchop":4,"minecraft:torch":56,"minecraft:porkchop":7,"minecraft:sand":54,"minecraft:white_bed":7,"minecraft:mossy_cobblestone":5,"minecraft:golden_chestplate":1,"minecraft:arrow":1,"minecraft:rotten_flesh":2,"minecraft:hay_block":47,"minecraft:bread":8,"minecraft:emerald":1,"minecraft:coal":54,"minecraft:rail":26,"minecraft:cobblestone":110},"minecraft:broken":{"minecraft:stone_pickaxe":1,"minecraft:wooden_pickaxe":1},"minecraft:killed":{"minecraft:pig":3,"minecraft:skeleton":1,"minecraft:zombie":5},"minecraft:dropped":{"minecraft:golden_chestplate":2,"minecraft:stone_sword":1,"minecraft:crafting_table":1,"minecraft:rotten_flesh":1,"minecraft:dirt":3,"minecraft:rabbit":1,"minecraft:arrow":1},"minecraft:used":{"minecraft:stone_sword":37,"minecraft:iron_shovel":184,"minecraft:stone_pickaxe":131,"minecraft:shield":2,"minecraft:chest":10,"minecraft:wooden_pickaxe":59,"minecraft:iron_sword":27,"minecraft:bell":3,"minecraft:oak_door":1,"minecraft:torch":2,"minecraft:dirt":12,"minecraft:crafting_table":6,"minecraft:white_bed":7,"minecraft:iron_axe":9,"minecraft:iron_pickaxe":14,"minecraft:stone_axe":22,"minecraft:furnace":3,"minecraft:cooked_porkchop":5,"minecraft:bucket":1,"minecraft:yellow_bed":2}},"DataVersion":3953}