{"stats":{"minecraft:used":{"minecraft:dirt":3},"minecraft:mined":{"minecraft:grass_block":3},"minecraft:custom":{"minecraft:jump":9,"minecraft:time_since_rest":5422,"minecraft:leave_game":1,"minecraft:crouch_one_cm":52,"minecraft:sprint_one_cm":100,"minecraft:play_time":5422,"minecraft:walk_on_water_one_cm":51,"minecraft:time_since_death":5422,"minecraft:walk_one_cm":3626,"minecraft:sneak_time":131,"minecraft:total_world_time":5422,"minecraft:walk_under_water_one_cm":6453,"minecraft:fall_one_cm":269,"minecraft:fly_one_cm":151208},"minecraft:picked_up":{"minecraft:dirt":3}},"DataVersion":3465}