{"stats":{"minecraft:crafted":{"minecraft:crafting_table":1,"minecraft:acacia_planks":28},"minecraft:mined":{"minecraft:acacia_log":7,"minecraft:grass":3,"minecraft:acacia_leaves":5,"minecraft:oak_leaves":1},"minecraft:picked_up":{"minecraft:acacia_log":7},"minecraft:custom":{"minecraft:jump":118,"minecraft:time_since_rest":1341,"minecraft:deaths":1,"minecraft:damage_taken":210,"minecraft:damage_dealt":30,"minecraft:crouch_one_cm":234,"minecraft:leave_game":3,"minecraft:sprint_one_cm":34199,"minecraft:play_time":104488,"minecraft:time_since_death":1321,"minecraft:walk_on_water_one_cm":2997,"minecraft:walk_one_cm":19261,"minecraft:sneak_time":676,"minecraft:total_world_time":104488,"minecraft:walk_under_water_one_cm":16393,"minecraft:fall_one_cm":1984,"minecraft:fly_one_cm":648503}},"DataVersion":3465}