{"stats":{"minecraft:killed":{"minecraft:sheep":9,"minecraft:cow":6},"minecraft:crafted":{"minecraft:crafting_table":1,"minecraft:stick":8,"minecraft:stone_pickaxe":1,"minecraft:wooden_pickaxe":1,"minecraft:stone_sword":1,"minecraft:furnace":1,"minecraft:stone":1,"minecraft:acacia_planks":28,"minecraft:air":0,"minecraft:cooked_mutton":15},"minecraft:mined":{"minecraft:acacia_leaves":5,"minecraft:crafting_table":1,"minecraft:glow_lichen":1,"minecraft:grass":4,"minecraft:acacia_log":7,"minecraft:coal_ore":16,"minecraft:dirt":1,"minecraft:tall_grass":1,"minecraft:stone":27,"minecraft:oak_leaves":1},"minecraft:picked_up":{"minecraft:crafting_table":1,"minecraft:leather":6,"minecraft:acacia_log":7,"minecraft:dirt":1,"minecraft:beef":14,"minecraft:mutton":15,"minecraft:coal":16,"minecraft:white_wool":9,"minecraft:cobblestone":27},"minecraft:used":{"minecraft:cooked_mutton":2,"minecraft:stone_sword":49,"minecraft:stone_pickaxe":27,"minecraft:wooden_pickaxe":18,"minecraft:crafting_table":1,"minecraft:furnace":1},"minecraft:custom":{"minecraft:time_since_rest":13341,"minecraft:interact_with_furnace":10,"minecraft:sprint_one_cm":61560,"minecraft:damage_taken":365,"minecraft:walk_one_cm":52204,"minecraft:mob_kills":15,"minecraft:damage_dealt":1571,"minecraft:interact_with_crafting_table":2,"minecraft:fly_one_cm":664297,"minecraft:crouch_one_cm":234,"minecraft:play_time":116488,"minecraft:deaths":1,"minecraft:sneak_time":676,"minecraft:walk_under_water_one_cm":16393,"minecraft:jump":252,"minecraft:leave_game":3,"minecraft:time_since_death":13321,"minecraft:walk_on_water_one_cm":2997,"minecraft:total_world_time":116488,"minecraft:fall_one_cm":4177}},"DataVersion":3465}