{"stats":{"minecraft:killed":{"minecraft:skeleton":1,"minecraft:sheep":9,"minecraft:zombie":2,"minecraft:cow":6},"minecraft:crafted":{"minecraft:cooked_beef":12,"minecraft:crafting_table":1,"minecraft:stick":8,"minecraft:stone_pickaxe":1,"minecraft:wooden_pickaxe":1,"minecraft:stone_sword":1,"minecraft:furnace":1,"minecraft:stone":1,"minecraft:acacia_planks":28,"minecraft:air":0,"minecraft:cooked_mutton":15},"minecraft:mined":{"minecraft:acacia_leaves":5,"minecraft:furnace":1,"minecraft:iron_ore":7,"minecraft:crafting_table":1,"minecraft:glow_lichen":1,"minecraft:grass":6,"minecraft:acacia_log":7,"minecraft:grass_block":2,"minecraft:coal_ore":32,"minecraft:dirt":1,"minecraft:tall_grass":1,"minecraft:stone":29,"minecraft:oak_leaves":1},"minecraft:picked_up":{"minecraft:raw_iron":7,"minecraft:crafting_table":1,"minecraft:leather":6,"minecraft:acacia_log":7,"minecraft:dirt":3,"minecraft:bone":1,"minecraft:rotten_flesh":1,"minecraft:beef":14,"minecraft:rabbit":1,"minecraft:mutton":15,"minecraft:coal":32,"minecraft:white_wool":9,"minecraft:cobblestone":29,"minecraft:furnace":1},"minecraft:used":{"minecraft:cooked_mutton":4,"minecraft:stone_sword":72,"minecraft:stone_pickaxe":54,"minecraft:wooden_pickaxe":18,"minecraft:crafting_table":1,"minecraft:furnace":1},"minecraft:custom":{"minecraft:time_since_rest":37341,"minecraft:interact_with_furnace":12,"minecraft:sprint_one_cm":95667,"minecraft:damage_taken":505,"minecraft:walk_one_cm":80644,"minecraft:mob_kills":18,"minecraft:damage_dealt":2051,"minecraft:interact_with_crafting_table":2,"minecraft:fly_one_cm":864260,"minecraft:open_chest":1,"minecraft:crouch_one_cm":370,"minecraft:play_time":140488,"minecraft:deaths":1,"minecraft:sneak_time":763,"minecraft:walk_under_water_one_cm":16393,"minecraft:jump":376,"minecraft:leave_game":3,"minecraft:time_since_death":37321,"minecraft:walk_on_water_one_cm":2997,"minecraft:total_world_time":140488,"minecraft:fall_one_cm":5265,"minecraft:horse_one_cm":1144}},"DataVersion":3465}