{"stats":{"minecraft:mined":{"minecraft:furnace":1,"minecraft:torch":1,"minecraft:crafting_table":3,"minecraft:short_grass":3,"minecraft:coal_ore":13,"minecraft:grass_block":2,"minecraft:oak_log":15,"minecraft:rail":25,"minecraft:jungle_log":8,"minecraft:dirt":1,"minecraft:sand":27,"minecraft:cobweb":11,"minecraft:bamboo":1,"minecraft:stone":56,"minecraft:sandstone":7,"minecraft:fern":1},"minecraft:picked_up":{"minecraft:crafting_table":3,"minecraft:sandstone":7,"minecraft:jungle_log":8,"minecraft:torch":1,"minecraft:porkchop":7,"minecraft:sand":27,"minecraft:oak_log":15,"minecraft:string":11,"minecraft:dirt":3,"minecraft:rabbit":1,"minecraft:bamboo":9,"minecraft:coal":13,"minecraft:rail":26,"minecraft:cobblestone":56,"minecraft:furnace":1},"minecraft:custom":{"minecraft:time_since_rest":34566,"minecraft:interact_with_furnace":7,"minecraft:sprint_one_cm":129675,"minecraft:damage_taken":110,"minecraft:walk_one_cm":122904,"minecraft:mob_kills":5,"minecraft:damage_dealt":697,"minecraft:talked_to_villager":1,"minecraft:interact_with_crafting_table":3,"minecraft:swim_one_cm":1477,"minecraft:fly_one_cm":237662,"minecraft:open_chest":5,"minecraft:crouch_one_cm":293,"minecraft:play_time":34566,"minecraft:sneak_time":161,"minecraft:walk_under_water_one_cm":3506,"minecraft:jump":338,"minecraft:leave_game":1,"minecraft:time_since_death":34566,"minecraft:walk_on_water_one_cm":2280,"minecraft:total_world_time":34566,"minecraft:climb_one_cm":317,"minecraft:fall_one_cm":3700},"minecraft:killed":{"minecraft:zombie":2,"minecraft:pig":3},"minecraft:broken":{"minecraft:wooden_pickaxe":1},"minecraft:used":{"minecraft:stone_sword":37,"minecraft:stone_pickaxe":44,"minecraft:wooden_pickaxe":59,"minecraft:torch":2,"minecraft:stone_axe":22,"minecraft:crafting_table":4,"minecraft:furnace":1,"minecraft:cooked_porkchop":3},"minecraft:crafted":{"minecraft:oak_planks":20,"minecraft:cooked_porkchop":7,"minecraft:crafting_table":2,"minecraft:stick":16,"minecraft:wooden_pickaxe":1,"minecraft:stone_pickaxe":1,"minecraft:stone_sword":1,"minecraft:furnace":1,"minecraft:torch":36,"minecraft:stone_axe":1,"minecraft:air":0}},"DataVersion":3953}