{"stats":{"minecraft:mined":{"minecraft:furnace":1,"minecraft:iron_ore":41,"minecraft:torch":1,"minecraft:crafting_table":3,"minecraft:short_grass":3,"minecraft:coal_ore":54,"minecraft:grass_block":2,"minecraft:oak_log":15,"minecraft:rail":25,"minecraft:jungle_log":8,"minecraft:dirt":1,"minecraft:sand":27,"minecraft:cobweb":11,"minecraft:bamboo":1,"minecraft:stone":61,"minecraft:sandstone":7,"minecraft:fern":1},"minecraft:picked_up":{"minecraft:raw_iron":41,"minecraft:crafting_table":3,"minecraft:sandstone":7,"minecraft:jungle_log":8,"minecraft:torch":1,"minecraft:porkchop":7,"minecraft:sand":27,"minecraft:oak_log":15,"minecraft:golden_chestplate":1,"minecraft:string":11,"minecraft:dirt":3,"minecraft:rotten_flesh":1,"minecraft:rabbit":1,"minecraft:bamboo":9,"minecraft:coal":54,"minecraft:rail":26,"minecraft:cobblestone":61,"minecraft:furnace":1},"minecraft:custom":{"minecraft:time_since_rest":724,"minecraft:interact_with_furnace":9,"minecraft:sprint_one_cm":183070,"minecraft:damage_taken":310,"minecraft:walk_one_cm":159799,"minecraft:mob_kills":7,"minecraft:drop":4,"minecraft:damage_dealt":1265,"minecraft:talked_to_villager":2,"minecraft:interact_with_crafting_table":7,"minecraft:swim_one_cm":7249,"minecraft:fly_one_cm":820732,"minecraft:open_chest":15,"minecraft:crouch_one_cm":363,"minecraft:play_time":58566,"minecraft:deaths":1,"minecraft:sneak_time":271,"minecraft:walk_under_water_one_cm":3529,"minecraft:jump":530,"minecraft:leave_game":1,"minecraft:time_since_death":690,"minecraft:walk_on_water_one_cm":3080,"minecraft:total_world_time":58566,"minecraft:climb_one_cm":1374,"minecraft:fall_one_cm":5132},"minecraft:killed":{"minecraft:zombie":4,"minecraft:pig":3},"minecraft:dropped":{"minecraft:stone_sword":1,"minecraft:golden_chestplate":2,"minecraft:rabbit":1},"minecraft:broken":{"minecraft:stone_pickaxe":1,"minecraft:wooden_pickaxe":1},"minecraft:killed_by":{"minecraft:zombie":1},"minecraft:used":{"minecraft:stone_sword":37,"minecraft:stone_pickaxe":131,"minecraft:chest":5,"minecraft:wooden_pickaxe":59,"minecraft:iron_sword":19,"minecraft:torch":2,"minecraft:stone_axe":22,"minecraft:dirt":2,"minecraft:crafting_table":5,"minecraft:furnace":2,"minecraft:cooked_porkchop":3},"minecraft:crafted":{"minecraft:oak_planks":60,"minecraft:cooked_porkchop":7,"minecraft:shield":1,"minecraft:crafting_table":2,"minecraft:iron_pickaxe":1,"minecraft:stick":40,"minecraft:wooden_pickaxe":1,"minecraft:stone_pickaxe":1,"minecraft:stone_sword":1,"minecraft:furnace":1,"minecraft:torch":36,"minecraft:stone_axe":1,"minecraft:jungle_planks":12,"minecraft:air":0}},"DataVersion":3953}