{"stats":{"minecraft:custom":{"minecraft:interact_with_furnace":10,"minecraft:mob_kills":7,"minecraft:interact_with_crafting_table":10,"minecraft:leave_game":3,"minecraft:time_since_death":16489,"minecraft:climb_one_cm":1374,"minecraft:time_since_rest":16523,"minecraft:sprint_one_cm":197327,"minecraft:damage_taken":362,"minecraft:walk_one_cm":172663,"minecraft:drop":4,"minecraft:damage_dealt":1265,"minecraft:talked_to_villager":2,"minecraft:swim_one_cm":7249,"minecraft:fly_one_cm":891087,"minecraft:open_chest":18,"minecraft:crouch_one_cm":363,"minecraft:play_time":74365,"minecraft:deaths":1,"minecraft:sneak_time":283,"minecraft:walk_under_water_one_cm":3529,"minecraft:jump":603,"minecraft:walk_on_water_one_cm":3080,"minecraft:total_world_time":74365,"minecraft:fall_one_cm":7735},"minecraft:killed_by":{"minecraft:zombie":1},"minecraft:mined":{"minecraft:crafting_table":3,"minecraft:torch":1,"minecraft:short_grass":3,"minecraft:grass_block":2,"minecraft:jungle_log":8,"minecraft:sandstone":7,"minecraft:furnace":1,"minecraft:iron_ore":41,"minecraft:oak_log":15,"minecraft:coal_ore":54,"minecraft:rail":25,"minecraft:sand":27,"minecraft:dirt":1,"minecraft:cobweb":11,"minecraft:bamboo":1,"minecraft:stone":65,"minecraft:fern":1},"minecraft:crafted":{"minecraft:oak_door":3,"minecraft:oak_planks":60,"minecraft:cooked_porkchop":7,"minecraft:crafting_table":2,"minecraft:wooden_pickaxe":1,"minecraft:iron_helmet":1,"minecraft:furnace":1,"minecraft:stone_axe":1,"minecraft:air":0,"minecraft:jungle_planks":12,"minecraft:bow":1,"minecraft:iron_boots":1,"minecraft:iron_chestplate":1,"minecraft:shield":1,"minecraft:stick":40,"minecraft:iron_ingot":22,"minecraft:iron_pickaxe":1,"minecraft:stone_pickaxe":1,"minecraft:stone_sword":1,"minecraft:iron_leggings":1,"minecraft:torch":36},"minecraft:picked_up":{"minecraft:crafting_table":3,"minecraft:feather":4,"minecraft:jungle_log":8,"minecraft:lead":2,"minecraft:potato":8,"minecraft:oak_log":15,"minecraft:shield":1,"minecraft:dirt":6,"minecraft:string":22,"minecraft:iron_pickaxe":1,"minecraft:rabbit":1,"minecraft:bamboo":9,"minecraft:iron_sword":1,"minecraft:oak_planks":35,"minecraft:furnace":1,"minecraft:stick":22,"minecraft:raw_iron":41,"minecraft:sandstone":7,"minecraft:cooked_porkchop":4,"minecraft:torch":56,"minecraft:porkchop":7,"minecraft:sand":54,"minecraft:golden_chestplate":1,"minecraft:rotten_flesh":2,"minecraft:bread":8,"minecraft:coal":54,"minecraft:rail":26,"minecraft:cobblestone":110},"minecraft:broken":{"minecraft:stone_pickaxe":1,"minecraft:wooden_pickaxe":1},"minecraft:killed":{"minecraft:pig":3,"minecraft:zombie":4},"minecraft:dropped":{"minecraft:golden_chestplate":2,"minecraft:stone_sword":1,"minecraft:rabbit":1},"minecraft:used":{"minecraft:stone_sword":37,"minecraft:stone_pickaxe":131,"minecraft:chest":5,"minecraft:wooden_pickaxe":59,"minecraft:iron_sword":19,"minecraft:oak_door":1,"minecraft:torch":2,"minecraft:dirt":2,"minecraft:crafting_table":5,"minecraft:iron_pickaxe":4,"minecraft:stone_axe":22,"minecraft:furnace":2,"minecraft:cooked_porkchop":3}},"DataVersion":3953}