{"stats":{"minecraft:killed":{"minecraft:sheep":9,"minecraft:skeleton":1,"minecraft:zombie":2,"minecraft:cow":6},"minecraft:dropped":{"minecraft:cut_sandstone":10,"minecraft:sandstone":9},"minecraft:crafted":{"minecraft:cooked_beef":12,"minecraft:crafting_table":1,"minecraft:wooden_pickaxe":1,"minecraft:furnace":1,"minecraft:stone":1,"minecraft:stone_axe":1,"minecraft:cooked_mutton":15,"minecraft:air":0,"minecraft:stick":8,"minecraft:stone_pickaxe":1,"minecraft:stone_sword":1,"minecraft:white_bed":1,"minecraft:acacia_planks":28,"minecraft:dark_oak_planks":32},"minecraft:mined":{"minecraft:dark_oak_planks":2,"minecraft:cut_sandstone":6,"minecraft:acacia_leaves":5,"minecraft:stone_pressure_plate":1,"minecraft:crafting_table":1,"minecraft:glow_lichen":1,"minecraft:acacia_log":7,"minecraft:grass_block":2,"minecraft:dead_bush":1,"minecraft:tall_grass":1,"minecraft:sandstone":9,"minecraft:furnace":1,"minecraft:iron_ore":7,"minecraft:chiseled_sandstone":1,"minecraft:tnt":9,"minecraft:grass":6,"minecraft:oak_log":5,"minecraft:coal_ore":32,"minecraft:sand":1,"minecraft:dirt":1,"minecraft:stone":29,"minecraft:oak_leaves":1},"minecraft:picked_up":{"minecraft:crafting_table":1,"minecraft:leather":6,"minecraft:cut_sandstone":11,"minecraft:oak_log":3,"minecraft:dirt":3,"minecraft:bone":1,"minecraft:beef":14,"minecraft:rabbit":1,"minecraft:furnace":1,"minecraft:raw_iron":7,"minecraft:stick":1,"minecraft:sandstone":9,"minecraft:acacia_log":7,"minecraft:sand":1,"minecraft:chiseled_sandstone":1,"minecraft:stone_pressure_plate":1,"minecraft:dark_oak_planks":2,"minecraft:tnt":9,"minecraft:rotten_flesh":1,"minecraft:mutton":15,"minecraft:coal":32,"minecraft:white_wool":9,"minecraft:cobblestone":29},"minecraft:used":{"minecraft:cooked_mutton":5,"minecraft:stone_sword":72,"minecraft:stone_pickaxe":80,"minecraft:wooden_pickaxe":18,"minecraft:sand":13,"minecraft:crafting_table":2,"minecraft:white_bed":1,"minecraft:dark_oak_planks":6,"minecraft:stone_axe":5,"minecraft:furnace":2,"minecraft:acacia_planks":14},"minecraft:custom":{"minecraft:interact_with_furnace":12,"minecraft:mob_kills":18,"minecraft:interact_with_crafting_table":4,"minecraft:leave_game":4,"minecraft:time_since_death":43803,"minecraft:sleep_in_bed":1,"minecraft:time_since_rest":738,"minecraft:sprint_one_cm":122359,"minecraft:damage_taken":515,"minecraft:walk_one_cm":93684,"minecraft:drop":3,"minecraft:damage_dealt":2051,"minecraft:fly_one_cm":872617,"minecraft:open_chest":5,"minecraft:crouch_one_cm":370,"minecraft:play_time":146970,"minecraft:deaths":1,"minecraft:sneak_time":763,"minecraft:walk_under_water_one_cm":16393,"minecraft:jump":456,"minecraft:walk_on_water_one_cm":2997,"minecraft:total_world_time":146970,"minecraft:fall_one_cm":6076,"minecraft:horse_one_cm":1144}},"DataVersion":3465}