{"stats":{"minecraft:mined":{"minecraft:oak_log":5,"minecraft:sand":22,"minecraft:stone":29,"minecraft:sandstone":7},"minecraft:picked_up":{"minecraft:sandstone":7,"minecraft:sand":22,"minecraft:oak_log":5,"minecraft:cobblestone":29},"minecraft:custom":{"minecraft:time_since_rest":10566,"minecraft:crouch_one_cm":93,"minecraft:play_time":10566,"minecraft:sprint_one_cm":22471,"minecraft:walk_one_cm":24889,"minecraft:sneak_time":19,"minecraft:walk_under_water_one_cm":931,"minecraft:jump":62,"minecraft:walk_on_water_one_cm":46,"minecraft:leave_game":1,"minecraft:time_since_death":10566,"minecraft:climb_one_cm":145,"minecraft:total_world_time":10566,"minecraft:swim_one_cm":153,"minecraft:interact_with_crafting_table":1,"minecraft:fall_one_cm":1045,"minecraft:fly_one_cm":153216},"minecraft:used":{"minecraft:crafting_table":1,"minecraft:wooden_pickaxe":36},"minecraft:crafted":{"minecraft:oak_planks":20,"minecraft:crafting_table":1,"minecraft:stick":8,"minecraft:wooden_pickaxe":1}},"DataVersion":3953}